ObjectId,Data_Set_Name,Brief_Description_of_Data,Data_Source,Home_Department,Home_Department_Division,Data_Steward__Business__Name,Data_Custodian__Technical__Name,Data_Classification,Data_Format,Frequency_of_Data_Change,Time_Span,Geographic_Coverage,Geographic_Granularity,Link_to_Existing_Publication
1,Meter,"Meter Information, location type, rates etc",Meter Bagging,Parking Authority Of River City,Unspecified,Not listed,Not listed,Public,Access Consolidated Database,Continuous,Unknown,Citywide,Not applicable,No link available
2,Property Maintenance Cases,No description provided,Hansen 8,Codes & Regulations,Property Maintenance Division,Benjamin Anderson,Not listed,Public,Csv File,Not updated (historical only),5 Years,Citywide,Latitude/longitude;#Street address,https://data.louisvilleky.gov/dataset/property-maintenance-case-inspections//
3,Order Meter,Data on orders with meter information,Meter Bagging,Parking Authority Of River City,Unspecified,Not listed,Not listed,Public,Access Consolidated Database,Continuous,2007 to present,Citywide,Not applicable,No link available
4,Meter Order Summary,​Order centric data for Meter Bagging,Unknown,Parking Authority Of River City,On Street,Not listed,Not listed,Public,Unknown,Continuous,2007 to present,Citywide,Not applicable,No link available
5,Passport Transaction Detail,No description provided,Passport (Go502),Parking Authority Of River City,Unspecified,Not listed,Not listed,Internal,Excel Spread Sheets,Continuous,Unknown,Citywide,Not applicable,No link available
6,Palm Audit Data,​Information on collections for Palm meters. Cash only,Palm,Parking Authority Of River City,Unspecified,Not listed,Not listed,Public,Csv File,Continuous,Unknown,Citywide,Not applicable,No link available
7,Hub Revenue,​Revenue information for garage transients(ticket based transactions),Hub,Parking Authority Of River City,Unspecified,Not listed,Not listed,Internal,Text File Delimited,Continuous,Updated per transaction,Citywide,Not applicable,No link available
8,Ballparc,​Data concerning sales for events.,Ballparc,Parking Authority Of River City,Unspecified,Not listed,Not listed,Internal,Other,Continuous,Unknown,Citywide,Not applicable,No link available
9,Umojo Daily Activity,​Details on call activity for Parc Operations Command,Umojo,Parking Authority Of River City,Unspecified,Not listed,Not listed,Internal,Excel Spread Sheets,Continuous,2018-Today,Citywide,Not applicable,No link available
10,Restaurant Inspection Data,"​Restaurant inspection dates, grades, scores and locations for the past year  for all establishments.​",Ehmis-Environmental Health Management Information System,Public Health & Wellness,Environmental Services,Kelly Monahan,Gerald Kaforski,Public,Flat File,Monthly,Unknown,Citywide,Latitude/longitude,https://data.louisvilleky.gov/dataset/restaurant-inspection-data/
11,Inspection Results Food Service Establishments,​List of permitted food service establishments with last three score and letter grade results if applicable.,Ehmis-Environmental Health Management Information System,Public Health & Wellness,Environmental Services,Kelly Monahan,Gerald Kaforski,Public,Csv File,Quarterly,Unknown,Citywide,Street address,https://data.louisvilleky.gov/dataset/environmental-health-inspection-results
12,Inspection Results Pools,​List of permitted swimming facilities with last 3 scores of recent inspections,Ehmis-Environmental Health Management Information System,Public Health & Wellness,Environmental Services,Kelly Monahan,Gerald Kaforski,Public,Csv File,Quarterly,Unknown,Citywide,Street address,https://data.louisvilleky.gov/dataset/environmental-health-inspection-results
13,Inspection Results Public Facility Establishments,​List of permitted public facility establishments with last three recent inspection scores,Ehmis-Environmental Health Management Information System,Public Health & Wellness,Environmental Services,Kelly Monahan,Gerald Kaforski,Public,Csv File,Quarterly,Unknown,Citywide,Street address,https://data.louisvilleky.gov/dataset/environmental-health-inspection-results
14,Inspection Results School Food Service,​List of subset of food service facilities (school food service) with 3 recent inspection scores and grades,Ehmis-Environmental Health Management Information System,Public Health & Wellness,Environmental Services,Kelly Monahan,Gerald Kaforski,Public,Csv File,Quarterly,Unknown,Citywide,Street address,https://data.louisvilleky.gov/dataset/environmental-health-inspection-results
15,Inspection Violations of Failed Restaurants,​List of violations from Restaurants that failed an inspection,Ehmis-Environmental Health Management Information System,Public Health & Wellness,Environmental Services,Kelly Monahan,Gerald Kaforski,Public,Csv File,Quarterly,Unknown,Citywide,Street address,https://data.louisvilleky.gov/dataset/environmental-health-inspection-results
16,Permitted Body Ear Pierce Tattoo Studios,​A list of current subject permitted facilities,Ehmis-Environmental Health Management Information System,Public Health & Wellness,Environmental Services,Kelly Monahan,Gerald Kaforski,Public,Csv File,Quarterly,Unknown,Citywide,Street address,https://data.louisvilleky.gov/dataset/environmental-health-permitted-establishments-lists
17,Permitted Food Service Establishments,​A list of currently permitted food service establishments,Ehmis-Environmental Health Management Information System,Public Health & Wellness,Environmental Services,Kelly Monahan,Gerald Kaforski,Public,Csv File,Quarterly,Unknown,Citywide,Street address,https://data.louisvilleky.gov/dataset/environmental-health-permitted-establishments-lists
18,Permitted Food Service Types with Subtypes,​List of subject information.  For reference when working with other Public Health Food Service Establishment datasets.,Ehmis-Environmental Health Management Information System,Public Health & Wellness,Environmental Services,Kelly Monahan,Gerald Kaforski,Public,Csv File,Continuous,Unknown,Other,Not applicable,https://data.louisvilleky.gov/dataset/environmental-health-permitted-establishments-lists
19,Permtted Hotels Motels,​List of currently permitted Hotels and Motels,Ehmis-Environmental Health Management Information System,Public Health & Wellness,Environmental Services,Kelly Monahan,Gerald Kaforski,Public,Csv File,Quarterly,Unknown,Citywide,Street address,https://data.louisvilleky.gov/dataset/environmental-health-permitted-establishments-lists
20,Permitted Mobile Home Rec Vehicle Parks,​A list of currently permitted mobile home and recreational vehicle parks,Ehmis-Environmental Health Management Information System,Public Health & Wellness,Environmental Services,Kelly Monahan,Gerald Kaforski,Public,Csv File,Quarterly,Unknown,Citywide,Street address,https://data.louisvilleky.gov/dataset/environmental-health-permitted-establishments-lists
21,Permitted Public Facility Establishments,"​List of all currently permitted Public Facility type establishments (hotels, pools, schools, studios etc...)",Ehmis-Environmental Health Management Information System,Public Health & Wellness,Environmental Services,Kelly Monahan,Gerald Kaforski,Public,Csv File,Quarterly,Unknown,Citywide,Street address,https://data.louisvilleky.gov/dataset/environmental-health-permitted-establishments-lists
22,Permitted Public Facility Types with Subtypes,​A reference table for use with other public facilities related tables that lists types and subtypes of facilities,Ehmis-Environmental Health Management Information System,Public Health & Wellness,Environmental Services,Kelly Monahan,Gerald Kaforski,Public,Csv File,Quarterly,Unknown,Citywide,Not applicable,https://data.louisvilleky.gov/dataset/environmental-health-permitted-establishments-lists
23,Permitted Swimming Areas,​A list of currently permitted swimming facilities.,Ehmis-Environmental Health Management Information System,Public Health & Wellness,Environmental Services,Kelly Monahan,Gerald Kaforski,Public,Csv File,Quarterly,Unknown,Citywide,Street address,https://data.louisvilleky.gov/dataset/environmental-health-permitted-establishments-lists
24,Permitted Youth Camps,​List of permitted youth camps.,Ehmis-Environmental Health Management Information System,Public Health & Wellness,Environmental Services,Kelly Monahan,Gerald Kaforski,Public,Csv File,Quarterly,Unknown,Citywide,Street address,https://data.louisvilleky.gov/dataset/environmental-health-permitted-establishments-lists
25,Syringe Exchange Program Activity Log,​A list of Syringe Exchange Program visits with indication of services provided.,Syringe Exchange Program Data,Public Health & Wellness,Syringe Exchange Program,Yuting Chen,Gerald Kaforski,Public,Csv File,Quarterly,Unknown,Citywide,Not applicable,https://data.louisvilleky.gov/dataset/metro-syringe-exchange-program
26,Syringe Exchange Program Drug Use History,​A list of history of drug use by drug history date.,Syringe Exchange Program Data,Public Health & Wellness,Syringe Exchange Program,Yuting Chen,Gerald Kaforski,Public,Csv File,Quarterly,Unknown,Citywide,Not applicable,https://data.louisvilleky.gov/dataset/metro-syringe-exchange-program
27,Syringe Exchange Program Syringe Log,​A list of syringes collected and provided by visit date.,Syringe Exchange Program Data,Public Health & Wellness,Syringe Exchange Program,Yuting Chen,Gerald Kaforski,Public,Csv File,Quarterly,Unknown,Citywide,Not applicable,https://data.louisvilleky.gov/dataset/metro-syringe-exchange-program
28,Yelp Businesses,​A list of food service businesses posted for use by Yelp website and/or application for publication.,Ehmis-Environmental Health Management Information System,Public Health & Wellness,Environmental Services,Kelly Monahan,Gerald Kaforski,Public,Csv File,Quarterly,Unknown,Citywide,Street address,https://data.louisvilleky.gov/dataset/yelp-data
29,Yelp Inspections,​A list of restaurant inspection results for use by Yelp to publish in their webiste and/or application.,Ehmis-Environmental Health Management Information System,Public Health & Wellness,Environmental Services,Kelly Monahan,Gerald Kaforski,Public,Csv File,Quarterly,Unknown,Citywide,Not applicable,https://data.louisvilleky.gov/dataset/yelp-data
30,Yelp Violations,​A list of inspection violations of restaurants for use by Yelp website and/or application for publishing,Ehmis-Environmental Health Management Information System,Public Health & Wellness,Environmental Services,Kelly Monahan,Gerald Kaforski,Public,Csv File,Quarterly,Unknown,Citywide,Not applicable,https://data.louisvilleky.gov/dataset/yelp-data
31,Animal Bites Data - Bulk,Records of animal bite cases investigated by Public Health Environmental Services.,Ehmis-Environmental Health Management Information System,Public Health & Wellness,Environmental Services,Kelly Monahan,Gerald Kaforski,Public,Csv File,Quarterly,Unknown,Citywide,Not applicable,https://data.louisvilleky.gov/dataset/environmental-health-bulk-data
32,Public Health Complaints - Bulk,​Records of Public Health Complaints Investigated by Public Health Environmental Services.,Ehmis-Environmental Health Management Information System,Public Health & Wellness,Environmental Services,Kelly Monahan,Gerald Kaforski,Public,Csv File,Quarterly,Unknown,Citywide,Zip code,https://data.louisvilleky.gov/dataset/environmental-health-bulk-data
33,Public Health Permitted Establishments - Bulk,​List of Public Health permitted establishments with supplemental information.,Ehmis-Environmental Health Management Information System,Public Health & Wellness,Environmental Services,Kelly Monahan,Gerald Kaforski,Public,Csv File,Quarterly,Unknown,Citywide,Latitude/longitude;#Street address;#Zip code,https://data.louisvilleky.gov/dataset/environmental-health-bulk-data
34,Public Health Inspection Violations - Bulk,Detail of violations on Public Health inspections.  Can be linked to dataset Public Health Inspections - Bulk though inspection ID.,Ehmis-Environmental Health Management Information System,Public Health & Wellness,Environmental Services,Kelly Monahan,Gerald Kaforski,Public,Csv File,Quarterly,Unknown,Citywide,Not applicable,https://data.louisvilleky.gov/dataset/environmental-health-bulk-data
35,Public Health Inspections - Bulk,​Details of inspections conducted by Public Health Environmental Services.  Can be linked to Public Health Inspections Violations - Bulk through Inspection ID.  Can be linked to Public Health Permitted Establishments - Bulk through EstablishmentID.,Ehmis-Environmental Health Management Information System,Public Health & Wellness,Environmental Services,Kelly Monahan,Gerald Kaforski,Public,Csv File,Quarterly,Unknown,Citywide,Not applicable,https://data.louisvilleky.gov/dataset/environmental-health-bulk-data
36,Public Health Stakeholder Logs,"​Health department programs and CHE's ""root cause teams"" created listings of organizaitons/groups that they collaborate with or are impacted by their work.  They have also rated the degree of engagement and included contact information as appropriate.",Unknown,Public Health & Wellness,Center For Health Equity,Angela Graham,Not listed,Public,Vmsg Data,Yearly,2018-2019 (data set is new and intented to be updated at least annually),Citywide,Street address,No link available
37,Codes and Regulations Portal,"​Database tool that allows searching Property Maintenance Cases, ABC Licenses, and Construction Permits including, Building, Electrical, and HVAC in Louisville Metro. This data set includes date of permit issue, type of permit/case, inspections, violations, fees, and owner information.",Hansen 8,Codes & Regulations,Unspecified,Benjamin Anderson,Not listed,Public,Oracle Database,Not updated (historical only),Unknown,Citywide,Street address,http://portal.louisvilleky.gov/codesandregs/mainsearch
38,Trip Cards,"​Daily work management tracking regarding waste collection routes, bulk waste, and street sweeping. Data input includes locations, weights, times, employees, drivers, etc.",Sharepoint,Pw&A - Solid Waste Mgmt Srvs,Unspecified,SWMS Supervisors,SWMS Admin Specialists,Internal,Excel Spread Sheets,Daily,Daily,Subset of city,Street address,No link available
39,Enforcement Daily Activity Logs,"​Tracks dates, times, locations, violation types, name, and officer name",Sharepoint,Pw&A - Solid Waste Mgmt Srvs,Enforcement,Pete Flood,Rob Lush,Public,Excel Spread Sheets,Hourly,Daily,Citywide,Street address;#Not applicable,No link available
40,Citation Data,"​Citation tracking to include fines, fees, lien, interests.",Excel Spreadsheet,Pw&A - Solid Waste Mgmt Srvs,Enforcement,Pete Flood,Rob Lush,Public,Excel Spread Sheets,Weekly,Weekly,Citywide,Street address,No link available
41,Signage Data,"​Tracks the number of no parking signs that are placed and pulled, total number of citations issued for each section, pictures of signage or block",Excel Spreadsheet,Pw&A - Solid Waste Mgmt Srvs,Street Sweeping,Marquita Benberry,Teresa Fletcher,Public,Excel Spread Sheets,Daily,Daily,Other,Street address,No link available
42,Curb Mileage of Urban Services District (USD),​Curb miles swept and tonnage collected for purposes of Anti Litter Fund reimbursement,Excel Spreadsheet,Pw&A - Solid Waste Mgmt Srvs,Street Sweeping,Amy Axsom,Not listed,Internal,Excel Spread Sheets,Weekly,Weekly,Citywide,Street address,No link available
43,Waste Reduction Center Data,"​tracking of weights, cash receiveables and material types for collected items",Unknown,Pw&A - Solid Waste Mgmt Srvs,Waste Reduction,Kimberly Sullivan,Pete Flood,Internal,Excel Spread Sheets,Daily,Daily,Citywide,Street address,No link available
44,Waste Collection Equipment Status,"​outline of equipment issues, breakdowns, availibility of trucks​",Unknown,Pw&A - Solid Waste Mgmt Srvs,Waste Collection,Abe Maraman,Not listed,Public,Excel Spread Sheets,Continuous,daily,Subset of city,Not applicable,No link available
45,Dead Animal Truck,"​list of dead animals reported, type of animal, location, time and date of pick up",Hansen 8,Pw&A - Solid Waste Mgmt Srvs,Solid Waste,Semone Carter,Not listed,Public,Word Document,Continuous,daily,Citywide,Not applicable,No link available
46,Summary for Daily Complaints,​compilation of complaints reported through Hansen; list is placed in Sharepoint,Hansen 8,Pw&A - Solid Waste Mgmt Srvs,Unspecified,Semone Carter,Not listed,Public,Excel Spread Sheets,Continuous,continuous/daily,Subset of city,Not applicable,No link available
47,TRIP CARD - ADMIN,"​input data from trip cards (start time, end time, mileage, weight of load, truck number, name of driver/crew, supervisor, truck number, date and route number.  All information is keyed into Share Point; hard copies are archived",Unknown,Pw&A - Solid Waste Mgmt Srvs,Unspecified,Julia Cole,Not listed,Internal,Unknown,Continuous,daily,Subset of city,Not applicable,No link available
48,TRIP CARDS - SUPERVISOR,"​creation of daily trip cards - information on card includes Division, Collection Type, Route/Area, Date, Vehicle Number, Crew Size, Name of Supervisor, Driver/Operator, tippers; Activity (start/end, break down, finish break down, start/end getting complaints, dump, bathroom break, lunch break) Time, Mileage, Truck #, Load Weight, Dump location; on back of trip cards list of complaints; area created to list breakdown details, enforcement issus and addtional comments",Unknown,Pw&A - Solid Waste Mgmt Srvs,Unspecified,SWMS supervisors,Not listed,Public,Excel Spread Sheets,Continuous,daily,Subset of city,Not applicable,No link available
49,Dispatch Log,​​created in share point -- daily start/end times for each route; Driver's name​,Sharepoint,Pw&A - Solid Waste Mgmt Srvs,Unspecified,Julia Cole,Not listed,Internal,Other,Continuous,daily,Subset of city,Not applicable,No link available
50,Garbage Route Areas,​​Garbage   Route Areas,Lojic,Pw&A - Solid Waste Mgmt Srvs,Gis,Metro Public Works,Metro Public Works GIS,Public,Oracle Database,Continuous,Current,Citywide,Planning district,No link available
51,Junk Route Areas,Junk   Route Areas,Lojic,Pw&A - Solid Waste Mgmt Srvs,Gis,Metro Public Works,Metro Public Works GIS,Public,Unknown,Continuous,Current,Citywide,Planning district,No link available
52,Recycling Route Areas,​Recycling   Route Areas,Lojic,Pw&A - Solid Waste Mgmt Srvs,Gis,Metro Public Works,Metro Public Works GIS,Public,Oracle Database,Continuous,Current,Citywide,Planning district,No link available
53,USD Street Sweep Routes,USD Street Sweep Route areas,Lojic,Pw&A - Solid Waste Mgmt Srvs,Gis,Metro Public Works,Metro Public Works GIS,Public,Oracle Database,Yearly,Current,Citywide,Planning district,No link available
54,Suburban Street Sweeping Routes,​Suburban Street Sweeping Routes​,Lojic,Pw&A - Solid Waste Mgmt Srvs,Gis,Metro Public Works,Metro Public Works GIS,Public,Oracle Database,Continuous,Current,Citywide,Planning district,No link available
55,Enforcement Violation Data,No description provided,Excel Spreadsheet,Pw&A - Solid Waste Mgmt Srvs,Enforcement,Pete Flood,Rob Lush,Public,Excel Spread Sheets,Continuous,Unknown,Citywide,Street address,No link available
56,Traffic Signal Timing Plans,Traffic Signal timing plans for all signals in the Louisville Metro area​,Centracs,Pw&A - Streets And Roads,Traffic Engineering,Stacy Keith,Andrea Marconi,Internal,Unknown,Continuous,Unknown,Citywide,Not applicable,No link available
57,Sidewalk Repairs,"​Dataset contains all information regarding sidewalk and curb repairs. Information can vary typically it contains an average estimated cost, linear feet/square yeards completed, location/address, Metro SW Rating, Metro Council District that SW falls in, whether or not trees are present",Hansen,Pw&A - Streets And Roads,Engineering,Craig Allen,Not listed,Internal,Excel Spread Sheets,Daily,Unknown,Citywide,Street address,No link available
58,Roadway Data,​Centerline data with road attributes,Excel Spreadsheet,Pw&A - Streets And Roads,Engineering,Matt Haines,Scott Stepro,Public,Excel Spread Sheets,Continuous,Daily,Citywide,Other,No link available
59,Sign Inventory,​Inventory of signage for Metro maintained roadways in Jefferson County as of 2013 as part of MUTCD(Manual on Uniform Traffic Control Devices) compliance,Lojic,Pw&A - Streets And Roads,Engineering,Stuart Sparks,Bonnie Roades,Public,Dbaseiv File,Continuous,daily when Accela launches,Citywide,Latitude/longitude;#Not applicable,No link available
60,Pavement Marking Inventory,"​pavement markings and symbols to comply with MUTCD, only arterial and collector Metro maintained roadways",Lojic,Pw&A - Streets And Roads,Engineering,Stuart Sparks,Bonnie Roades,Public,Dbaseiv File,Continuous,Continuous,Citywide,Latitude/longitude;#Other,No link available
61,Local Public Agency Capital Transportation Projects,​spreadsheet tracks project budget and schedule for Capital Projects,Excel Spreadsheet,Pw&A - Streets And Roads,Transportation,Dirk Gowin,each Project Manager,Internal,Excel Spread Sheets,Monthly,Monthly,Citywide,Street address,No link available
62,Speed Humps,​This is a file with details associated with every speed hump installed on roadways owned and maintained by Louisville Metro Public Works.,Excel Spreadsheet,Pw&A - Streets And Roads,Traffic Operations,Greg Dow,Not listed,Public,Excel Spread Sheets,Continuous,perm,Citywide,Latitude/longitude;#Street address,No link available
63,Job Safety Audits,​Safety Audits inputted per Supervisor and Manager requirements,Sharepoint,Pw&A - Streets And Roads,Safety,Chris Scamahorne,John Renn,Internal,Excel Spread Sheets,Daily,Daily,Citywide,Street address,No link available
64,Safety & Training Tracking,​Tracking of employee's safety and equipment training and committees/attendees,Excel Spreadsheet,Pw&A - Streets And Roads,Safety,Chris Scamahorne,John Renn,Internal,Pwa Shared Drive,Daily,Daily,Citywide,Not applicable,No link available
65,Job Bids,​posting of employees who have signed posted job bids for union vacancies,Excel Spreadsheet,Pw&A - Streets And Roads,Personnel,Kelsey Thomas,Jessica Brunk,Internal,Excel Spread Sheets,Continuous,weekly,Citywide,Not applicable,No link available
66,Accident Review Committee Reports,​weekly summary of events regarding accidents/injuries,Excel Spreadsheet,Pw&A - Streets And Roads,Safety,John Renn,Amy Axsom,Internal,Excel Spread Sheets,Continuous,daily,Citywide,Street address,No link available
67,Training Records,"​Spreadsheets of trainings sent to UofL, UK and Fred Pryor training courses",Unknown,Pw&A - Streets And Roads,Unspecified,Jessica Brunk,Julie Toler,Internal,Excel Spread Sheets,Monthly,Unknown,Other,Not applicable,No link available
68,Return to Work Program,​notes and records of time away from work and time working modifed duty stored in peoplesoft,Unknown,Pw&A - Streets And Roads,Personnel,Kelsey Thomas,Jessica Brunk,Sensitive,Peoplesoft,Daily,several years,Other,Not applicable,No link available
69,Organizational Charts,​Documents showing department positions by division and the employees occupying those positions,Publisher,Pw&A - Streets And Roads,Personnel,jessica brunk,Not listed,Internal,Publisher And Pdf,Monthly,5 years,Other,Not applicable,No link available
70,Service Requests/Work Orders,"Work requested by citizens and others for the division to carry out a resolution within the public Metro & State right-of-way (non-interstate). Data collected includes date, citizens contact, council district, issue, inspection comments, completed resolution.  Data sets that use work orders includes, for example, potholes, right of way obstruction/hazard, grass cutting, vegetation, drainage, basketball goals, snow/ice removal, weather related incidents (for example: flooding).",Hansen 8,Pw&A - Streets And Roads,Roads & Ops,Stella Irvin,Whitney Hickman,Internal,Excel Spread Sheets,Continuous,Continous,Citywide,Street address,No link available
71,CTIP - Capital Transportation Improvement Projects,​This dataset is a listing of all projects that require a local match or is totally capital funded.,Excel Spreadsheet,Pw&A - Streets And Roads,Transportation,Tammy Markert,Tammy Markert,Internal,Excel Spread Sheets,Yearly,1 year,Citywide,Street address;#Not applicable,No link available
72,Bridge inventory,​Inspections of known Metro maintained culverts and bridges,Excel Spreadsheet,Pw&A - Streets And Roads,Engineering,Matthew Haines,Matthew Haines,Public,Excel Spread Sheets,Continuous,yearly,Citywide,Latitude/longitude,No link available
73,Bikeways,​Metro bikeways and shared use paths,Lojic,Pw&A - Streets And Roads,Gis,Metro Public Works GIS,Metro Public Works GIS Supervisor,Public,Oracle Database,Continuous,Current,Citywide,Not applicable,No link available
74,ABC License Data and other location based licenses,"​Listing of all active ABC licenses including the name of the establishment, type of license, location and more. Homeless Shelter Pawn Broker Outdoor Advertising",Hansen 8,Codes & Regulations,License And Permits,Benjamin Anderson,Not listed,Public,Csv File,Not updated (historical only),Unknown,Citywide,Street address;#Not applicable,https://data.louisvilleky.gov/dataset/abc-license-data
75,Lien Holder Final Orders,"​The Lien Holder Notification System allows lien holders and others to register to receive weekly email notification about all final orders issued since the last notification. The purpose of this notification is to enable lien holders to fix the property, pay the fine, and any abatement costs prior to a lien being taken on a property they have a financial interest in. This notification system was created pursuant to KRS Section 65.8828, commonly known as ""House Bill 422"". This data set provides the data for those weekly emails and serves to provide the data for those who do not wish to register. To view specific violation information for cases listed on the notification go to http://portal.louisvilleky.gov/codesandregs/mainsearch and enter the Case Number in the Permit/Case/Docket Number field.",Accela,Codes & Regulations,Unspecified,Benjamin Anderson,Mike Reynolds,Public,Csv File,Weekly,Unknown,Citywide,Street address;#Not applicable,https://data.louisvilleky.gov/dataset/lien-holder-final-orders
76,Boarding and Cleaning Requests Received,"​The total number of request received for the boarding, cleaning and cutting of vacant and abandoned properties",Hansen 8,Codes & Regulations,Vacant Lots,Benjamin Anderson,Not listed,Public,Unknown,Not updated (historical only),Unknown,Citywide,Street address;#Not applicable,https://data.louisvilleky.gov/dataset/boarding-and-cleaning-requests-received
77,Boarding and Cleaning Cases Resolved,"​The total number of cases resolved for the boarding, cleaning and cutting of vacant and abandoned properties.",Hansen 8,Codes & Regulations,Vacant Lots,Benjamin Anderson,Not listed,Public,Csv File,Not updated (historical only),Unknown,Citywide,Street address;#Not applicable,https://data.louisvilleky.gov/dataset/boarding-and-cleaning-cases-resolved
78,Closed ABC Cases,​Closed ABC Cases,Hansen 8,Codes & Regulations,License And Permits,Not listed,Not listed,Public,Csv File,Not updated (historical only),Unknown,Citywide,Street address;#Not applicable,https://data.louisvilleky.gov/dataset/closed-abc-cases
79,Short Term Rentals,​License numbers and addresses for licensed short term rentals in Louisville Metro,Hansen 8,Develop Louisville,Office Of Planning And Design Services,Not listed,Not listed,Public,Other,Monthly,Continuous,Citywide,Street address,https://louisvilleky.gov/government/planning-design/short-term-rental-information
80,Zoning Districts,​Parcel-level zoning layer.,Lojic,Develop Louisville,Office Of Planning And Design Services,Not listed,Not listed,Public,Gis Feature Class,Continuous,Today,Citywide,Parcel (block/lot),http://lojic.org
81,Form Districts,​Parcel-level form district layer.,Lojic,Develop Louisville,Office Of Planning And Design Services,Not listed,Not listed,Public,Gis Feature Class,Continuous,Today,Citywide,Parcel (block/lot),http://lojic.org
82,Overlay Districts,​Parcel-level overlay district layer.,Lojic,Develop Louisville,Office Of Planning And Design Services,Not listed,Not listed,Public,Gis Feature Class,Continuous,Today,Citywide,Parcel (block/lot),http://lojic.org
83,Plan Certain Districts,​Parcel-level plan certain districts layer.,Lojic,Develop Louisville,Office Of Planning And Design Services,Not listed,Not listed,Public,Gis Feature Class,Continuous,Today,Citywide,Parcel (block/lot),http://lojic.org
84,Related Cases (BOZA),"​Point feature class of cases that BOZA has decided, geographically coded onto parcels.  This is used for the Related Cases field of the Land Development Report for any given parcel.",Lojic,Develop Louisville,Office Of Planning And Design Services,Not listed,Not listed,Public,Gis Feature Class,Continuous,Today,Citywide,Parcel (block/lot),http://lojic.org
85,Development Applications,"​Alternately a GIS feature class or a spreadsheet with information about development applications in Louisville Metro.  Information includes type of development, number of multi-family units or hotel rooms or buildable lots, or square footage of commercial or industrial development.",Hansen 8,Develop Louisville,Office Of Planning And Design Services,Dante St. Germain,Not listed,Public,Csv File,Yearly,Unknown,Citywide,Parcel (block/lot),No link available
86,Zoning District Changes,"​A GIS featue class of recent zoning map changes, including the original zoning district and the new zoning district, the application date, and the approval date.",Lojic,Develop Louisville,Office Of Planning And Design Services,Dante St. Germain,Not listed,Internal,Gis Feature Class,Continuous,Unknown,Citywide,Parcel (block/lot),No link available
87,Development Logs,"​Current and historical data on many development types, such as subdivisions and landscape plans.  Much of the data pre-dates Hansen.",Excel Spreadsheet,Develop Louisville,Office Of Planning And Design Services,Not listed,Not listed,Internal,Excel Spread Sheets,Weekly,Unknown,Citywide,Not applicable,No link available
88,Acquisitions and Lien Waivers ,​Includes all donation requests that have been sent to VPPA and shows the outcome of each donation and lien waiver request.,Sharepoint,Develop Louisville,Vacant And Public Property Administration,Connie Sutton,Abbey Rogers,Internal,Csv File,Daily,Spans back to 2011,Citywide,Parcel (block/lot),https://data.louisvilleky.gov/dataset/property-donations
89,Demolitions,​Information pertaining to demolitions initiated by the Vacant and Public Property Administration.  Data is also used to calculate priority score for each property eligible for demolition.,Sharepoint,Develop Louisville,Vacant And Public Property Administration,Carrie Fry,Abbey Rogers,Internal,Csv File,Daily,Spans back to 2014,Citywide,Street address;#Parcel (block/lot),https://data.louisvilleky.gov/dataset/jefferson-county-demolitions
90,Property Foreclosures,​List of every property that has been referred for foreclosure and contains all notes for properties currently being foreclosed on.,Sharepoint,Develop Louisville,Vacant And Public Property Administration,Carrie Fry,Abbey Rogers,Internal,Csv File,Daily,Spans back to 2012,Citywide,Street address;#Parcel (block/lot);#Not applicable,https://data.louisvilleky.gov/dataset/property-foreclosures
91,Sales Inventory,"Properties owned by Urban Renewal, Landbank, and Metro that are managed by VPPA sales team.  Used frequently by sales team to prioritize and strategize dispositions.",Sharepoint,Develop Louisville,Vacant And Public Property Administration,Joshua Watkins,Abbey Rogers,Internal,Csv File,Daily,Spans back to 1930s,Citywide,Street address;#Parcel (block/lot),https://data.louisvilleky.gov/dataset/property-available-purchase
92,Metro-Owned Property,​List of all properties (and their attributes) owned or managed by various divisions of Metro Louisville.,Sharepoint,Develop Louisville,Vacant And Public Property Administration,Connie Sutton,Abbey Rogers,Internal,Csv File,Daily,"Properties span back to early 1900s, list is continuously updated and modified",Citywide,Street address;#Parcel (block/lot);#Not applicable,No link available
93,Public Art Collection,"Public art collection information, including artist, location, type, and date acquired.",Pastperfect,Develop Louisville,Public Art,Sarah Lindgren,Not listed,Internal,Unknown,Continuous,Unknown,Citywide,Latitude/longitude,No link available
94,Advanced Planning Project Tracker,​Summary of active projects for which AP staff is either lead or assist.,Unknown,Develop Louisville,Advanced Planning,Claire Yates,Not listed,Internal,Excel Spread Sheets,Continuous,Unknown,Citywide,Neighborhood,No link available
95,Neighborhood Plans,​PDF files and/or hard copies of neighborhood plans,Unknown,Develop Louisville,Advanced Planning,Ken Baker,Not listed,Public,Unknown,Yearly,Unknown,Citywide,Neighborhood,No link available
96,Dockless Vehicle Data,Origin and destination data from dockless mobility companies including origin and destination information for scooter rides.,Unknown,Develop Louisville,Advanced Planning,Michael Schnuerle,Michael Schnuerle,Sensitive,Mysql,Monthly,August 2018 to now,Citywide,Latitude/longitude,Dockless Vehicles
97,Ambient Air Quality Measurements,"​Measurements of levels of air pollutants, meteorological parameters, and internal instrument health parameters. Some data is in the form of hourly averages. Other data is in the form of 24-hour averages (filter-based particulate sampling). For the pollutants reported in 1-hour averages, raw 1-minute average data is used in the QA process but not reported to the EPA. For the hourly data, both raw data and quality-assured data are stored (as different fields on the same record).",Airvision,Econ Growth & Innovation-Apcd,Air Monitoring,Billy DeWitt,Bryan Paris,Internal,Sql Database (Stand Alone),Continuous,Unknown,Citywide,Latitude/longitude;#Street address,https://www.epa.gov/outdoor-air-quality-data
98,APCD Industrial Operating Permits,"​Permits to operate issued to the operators of industrial facilities in Louisville/Jefferson County. There is one permit per facility site (""plant""), so one company may have multiple operating permits. A facility site can range in size from a dry cleaner or aut body shop to a large power plant or chemical plant. The plant class indicates the level of potential emissions, which roughly corresponds to the size of the facility site.",Hansen 8,Econ Growth & Innovation-Apcd,Industrial Permitting; Compiance And Enforcement,Matt King,Bryan Frazar,Public,Oracle Database,Continuous,Unknown,Citywide,Latitude/longitude;#Street address,https://data.louisvilleky.gov/dataset/industrial-operating-permits
99,APCD Industrial Construction Permits,"​Permits to construct, modify, or decommission equipment that generates or controls air pollution emissions in Louisville/Jefferson County.",Hansen 8,Econ Growth & Innovation-Apcd,Industrial Permitting,Matt King,Bryan Frazar,Public,Oracle Database,Continuous,Unknown,Citywide,Latitude/longitude;#Street address,https://data.louisvilleky.gov/dataset/industrial-construction-permits
100,APCD Gasoline Dispensing Operating Permits,"​Permits to operate gasoline dispensing facilities (gas stations and fleet fueling stations) in Louisville/Jefferson County. Each permit is for one facility, so one company can have many permits.",Hansen 8,Econ Growth & Innovation-Apcd,Compliance And Enforcement,Steven Gravatte,Bryan Frazar,Public,Oracle Database,Continuous,Unknown,Citywide,Latitude/longitude;#Street address,https://data.louisvilleky.gov/dataset/gasoline-dispensing-operating-permits
101,APCD Gasoline Dispensing Construction Permits,​Permits to construct or modify a gasoline dispensing facility in Louisville/Jefferson County. Each permit is effective for one year. The same facility may have multiple construction permits over the years.,Hansen 8,Econ Growth & Innovation-Apcd,Compliance And Enforcement,Steven Gravatte,Bryan Frazar,Public,Oracle Database,Continuous,Unknown,Citywide,Latitude/longitude;#Street address,https://data.louisvilleky.gov/dataset/gasoline-dispensing-construction-permits
102,APCD Asbestos Removal Permits,"​Permits to remove or disturb asbestos-containing material in Louisville/Jefferson County. Each permit is for a specific site for a specific time period. Subtypes include: abatement for demolition, abatement for renovation, other abatement, friable blanket (annual), non-friable blanket (annual), and long term (annual).",Hansen 8,Econ Growth & Innovation-Apcd,Compliance And Enforcement,Steven Gravatte,Bryan Frazar,Public,Oracle Database,Continuous,Unknown,Citywide,Latitude/longitude;#Street address,https://data.louisvilleky.gov/dataset/asbestos-removal-permits
103,APCD Open Burning Permits,"​Permits for outdoor fires in Louisville/Jefferson County. Permits are not required for fires in manufactured or approved fire pits and chimineas or for fires solely for the purpose of cooking food. Subtypes include: recreational fires (bonfires and the like), training fires (for fire-fighting training), and agricultural or other controlled burns.",Hansen 8,Econ Growth & Innovation-Apcd,Compliance And Enforcement,(vacant),Bryan Frazar,Public,Oracle Database,Continuous,Unknown,Citywide,Latitude/longitude;#Street address;#Parcel (block/lot),https://data.louisvilleky.gov/dataset/open-burning-permits
104,Air Pollution Annual Emissions Estimates for Large Industrial Plants,​Emissions reported to APCD by large industrial facilities as part of APCD's annual point-source emissions inventory,Apcd Emissions Inventory System,Econ Growth & Innovation-Apcd,Industrial Permitting,Chris Gerstle,Bryan Frazar,Public,Access Backend,Yearly,Unknown,Citywide,Latitude/longitude,https://www3.epa.gov/enviro/facts/nei/
105,Air Pollution Emission Units of Large Industrial Plants,"​""Emission Units"" are containers/groupings of emission processes identified by or for large industrial facilities as part of APCD's annual point-source emissions inventory",Apcd Emissions Inventory System,Econ Growth & Innovation-Apcd,Industrial Permitting,Chris Gerstle,Bryan Frazar,Public,Access Backend,Yearly,Unknown,Citywide,Street address,https://www3.epa.gov/enviro/facts/nei/
106,Air Pollution Emission Processes at Large Industrial Plants,​Processes or pieces of equipment that can emit air pollution at large industrial facilities required to report emissions as part of APCD's annual point-source emissions inventory,Apcd Emissions Inventory System,Econ Growth & Innovation-Apcd,Industrial Permitting,Chris Gerstle,Bryan Frazar,Public,Access Backend,Yearly,Unknown,Citywide,Street address,https://www3.epa.gov/enviro/facts/nei/
107,Air Pollution Emission Release Points at Large Industrial Plants,​Release points (smokestacks and fugitive release locations) of air pollutant emissions reported by large industrial facilities as part of APCD's annual point-source emissions inventory,Apcd Emissions Inventory System,Econ Growth & Innovation-Apcd,Industrial Permitting,Chris Gerstle,Bryan Frazar,Public,Access Backend,Yearly,Unknown,Citywide,Latitude/longitude;#Not applicable,https://www3.epa.gov/enviro/facts/nei/
108,Air Pollution Emission Control Measures at Large Industrial Plants,"​Control measures, including control devices, used to control air pollutant emissions from emission processes at large industrial facilities, identified as part of APCD's annual point-source emissions inventory",Apcd Emissions Inventory System,Econ Growth & Innovation-Apcd,Industrial Permitting,Chris Gerstle,Bryan Frazar,Public,Access Backend,Yearly,Unknown,Citywide,Street address,https://www3.epa.gov/enviro/facts/nei/
109,311 Service Requests,​Citizen requests for service in multiple categories to be resolved by multiple agencies.,Accela,Emergency Mgt Agency/Metrosafe,Metro311,Jody Duncan,Jody Duncan,Internal,Csv File,Continuous,Daily,Citywide,Latitude/longitude,https://data.louisvilleky.gov/dataset/311-service-requests
110,Community Warning Sirens,"​Point layer of emergency management sirens for Jefferson, Bullitt, Oldham & Shelby County.​",Lojic,Emergency Mgt Agency/Metrosafe,Unspecified,Jim McKinney,Jim McKinney,Public,Oracle Database,Continuous,Unknown,Regional,Latitude/longitude,No link available
111,PowerDMS Student Records,​Records for all Metro employees who have been assigned to take courses on PowerDMS.,Powerdms,Human Resources,Communications And Policy,David Holland,Not listed,Internal,Excel Spread Sheets,Continuous,Unknown,Other,Not applicable,No link available
112,Audit Reports Listing,"​This dataset includes all audits from 2003 to present. The purpose is to make the process of viewing particular audit reports, based on the description or other specific criteria, easily acccessible within  minutes.",Agencyweb,Internal Auditor,Internal Audit,Internal Audit,Tiffany Smith,Public,Csv File,Quarterly,Unknown,Citywide,Not applicable,No link available
113,Participant Records,Program participant and participation records.,Kee Suite,Kentuckiana Works Foundation,Unspecified,Jaime L. Disney,Not listed,Public,Unknown,Continuous,Unknown,Citywide,Not applicable,No link available
114,Company and Contact Data,Company address and contact information along with personnel working at the company.,Unknown,Kentuckiana Works Foundation,Unspecified,Rider Rodriguez,Not listed,Sensitive,Unknown,Continuous,Unknown,Regional,Street address,https://kydev.my.salesforce.com/
115,"People CountsNumber of visitors to library locations, viewable by locations and date/time.Number of visitors to library locations, viewable by locations and date/time.",No description provided,Sensource Inc - Vea,Library,Unspecified,Greg Schwartz,Greg Schwartz,Public,Unknown,Continuous,Unknown,Citywide,Other,No link available
116,Narcan Use,​Narcan use from LMEMS PCR and other agencies/ providers use of narcan and dosage amount,Overdoses,Louisville Metro Ems,Unspecified,Jennifer Jones,Jennifer Jones,Sensitive,Excel Spread Sheets,Daily,Updated Daily,Citywide,Street address;#Zip code;#City;#Other,No link available
117,ODMap Case Information,No description provided,Overdoses,Louisville Metro Ems,Unspecified,Jennifer Jones,Jennifer Jones,Sensitive,Application Database,Daily,Daily,Citywide,Street address;#Zip code;#City;#Other,https://odmap.hidta.org/
118,Substance Abuse Data Set,​Data set includes all types of substance abuse calls for service (CFS) in Jefferson County with LMEMS response.,Overdoses,Louisville Metro Ems,Unspecified,Jennifer Jones,Jennifer Jones,Sensitive,Excel Spread Sheets,Daily,Updated Daily,Citywide,Zip code;#Other,No link available
119,Licensing,"​Enables LMAS to track the number of owned cats, dogs, and ferrets in Jefferson County. Assists in reuniting pets with their owners. Allows LMAS to track rabies vaccination compliance",Unknown,Metro Animal Services,Business Office,Adam Hamilton,Skip Kalkhof,Public,Unknown,Continuous,Unknown,Citywide,Street address;#Zip code;#City,No link available
120,Crime Hot Spot Map,No description provided,I/Leads Rms,Metro Police,Technical Services,Not listed,Not listed,Sensitive,Unknown,Continuous,Unknown,Citywide,Not applicable,No link available
121,Second Division Mileage Log,No description provided,Excel Spreadsheet,Metro Police,Second Division,Admin Lieutenant,Not listed,Sensitive,Unknown,Continuous,Unknown,Citywide,Not applicable,No link available
122,Second Division Vehicle Inspections,No description provided,Excel Spreadsheet,Metro Police,Second Division,Admin Lieutenant,Not listed,Sensitive,Unknown,Continuous,Unknown,Citywide,Not applicable,No link available
123,Active Data Governance Member Participation,"Lists all the current members of Data Governance and shows there level of participation for the current calendar year.  Fields include: Member Name, Role, Department, Number Working Groups, Number Badges Earned, Number of Events Attended, Division, Supervisor, Leader, Month and year Joined/Left, and Attendance for each month",Data Governance Member Participation,Metro Technology Services,Civic Innovation,Michael Schnuerle,Michael Schnuerle,Internal,Excel Spread Sheets,Monthly,Jan 2018 to today,Other,Not applicable,No link available
124,Guest Data Governance Participation,"​List the guests that have attended Data Governance events during the current calendar year.  Fields include: Guest Name, Role, Department, Number of events attended, and month of attendance",Data Governance Member Participation,Metro Technology Services,Civic Innovation,Michael Schnuerle,Michael Schnuerle,Internal,Excel Spread Sheets,Monthly,Jan 2018 to today,Other,Not applicable,No link available
125,Retired Data Governance Members,No description provided,Data Governance Member Participation,Metro Technology Services,Civic Innovation,Michael Schnuerle,Michael Schnuerle,Internal,Excel Spread Sheets,Monthly,Jan 2018 to today,Other,Not applicable,No link available
126,Data Inventory Progress,"​This dataset is used to track the progress of all departments in completing the data inventory.  Fields include: Department, Inventory Lead, Number of data sources, Number of Datasets, Designated Lead (y/n), Inventory Progress (0-5), Inventory Verified (0-3), Open Metadata (0-5), Open Percent (0-5), and Total Score (0-20).",Data Governance Member Participation,Metro Technology Services,Civic Innovation,Michael Schnuerle,Michael Schnuerle,Public,Excel Spread Sheets,Monthly,Jan 2018 to today,Citywide,Not applicable,No link available
127,Waze Alerts,"​All alerts reported to the Waze app for Louisville, KY.",Waze For Cities,Metro Technology Services,Civic Innovation,Michael Schnuerle,Mike Reynolds,Internal,Sql Database (Stand Alone),Continuous,June 2016 to the present,Citywide,Latitude/longitude,No link available
128,Waze Jams,"​All jams detected by the Waze app for Louisville, KY.  Includes information on traffic jams, cities reports, and geographic coordinates.",Waze For Cities,Metro Technology Services,Civic Innovation,Michael Schnuerle,Mike Reynolds,Internal,Sql Database (Stand Alone),Continuous,June 2016 to the present,Citywide,Latitude/longitude,No link available
129,Waze Cooridor Travel Data,"​All travel data reported to the Waze app for Louisville, KY that has been added as a corridor using Waze's tools. Once added, information about travel times along the corridor is tracked and stored.",Waze For Cities,Metro Technology Services,Civic Innovation,Michael Schnuerle,Mike Reynolds,Internal,Sql Database (Stand Alone),Continuous,June 2016 to the present,Citywide,Latitude/longitude;#Not applicable,No link available
130,Total Hours Worked,"​This dataset shows the number of hours worked by Metro employees during a pay period. The data is broken down by department, division, and type of hours worked and includes the last 6 years worth of pay periods.",Peoplesoft Reader,Office Of Performance Improvement,Performance Improvement,"Moreno-Rivera, Carmen A.","Moreno-Rivera, Carmen A.",Public,Csv File,Bi-Weekly,Today - 6 years,Other,Not applicable,https://data.louisvilleky.gov/dataset/total-hours-worked
131,Turnover,"​This dataset shows the number of employees who left Metro Government each month. The data is broken down by department, type of employee (regular or temporary), age, ethnicity, gender, time in Metro, and type of leave and includes the last 6 years worth of counts.",Peoplesoft Reader,Office Of Performance Improvement,Performance Improvement,"Moreno-Rivera, Carmen A.","Moreno-Rivera, Carmen A.",Public,Csv File,Bi-Weekly,Today - 6 years,Citywide,Not applicable,https://data.louisvilleky.gov/dataset/turnover
132,Absenteeism,​This dataset shows the number of hours employees were absent from work during a given pay period. The data is broken down by department and type of absence and includes the last 6 years worth of pay periods.  Vacation and holiday time is not consider an absence.,Peoplesoft Reader,Office Of Performance Improvement,Performance Improvement,"Moreno-Rivera, Carmen A.","Moreno-Rivera, Carmen A.",Public,Csv File,Bi-Weekly,Today - 6 years,Other,Not applicable,https://data.louisvilleky.gov/dataset/absenteeism
133,Number of High Sick Leave Consumers ,"​This dataset shows the number of employees who use 75% or more of their earned sick time during the last 26 pay periods.  The data is broken down by department and includes the last 6 years worth of counts.  This data is example information only, and should not be regarded as production ready, correct or as an authoritative source of information.",Peoplesoft Reader,Office Of Performance Improvement,Performance Improvement,"Moreno-Rivera, Carmen A.","Moreno-Rivera, Carmen A.",Public,Csv File,Bi-Weekly,Today - 6 years,Other,Not applicable,https://data.louisvilleky.gov/dataset/number-high-sick-leave-consumers
134,OSHA Data ,​This dataset shows the number of OSHA incidents during a pay period. The data is broken down by department and includes pay periods going back six years.,Peoplesoft Reader,Office Of Performance Improvement,Performance Improvement,"Moreno-Rivera, Carmen A","Moreno-Rivera, Carmen A",Public,Csv File,Bi-Weekly,Today - 6 years,Other,Not applicable,https://data.louisvilleky.gov/dataset/osha-data
135,Employee Engagement Survey,No description provided,Excel Spreadsheet,Office Of Performance Improvement,Unspecified,Carmen Moreno-Rivera,Not listed,Internal,Excel Spread Sheets,Yearly,Annual,Other,Not applicable,No link available
136,Resident Satisfaction Survey,No description provided,Unknown,Office Of Performance Improvement,Unspecified,Carmen Moreno-Rivera,Not listed,Internal,Excel Spread Sheets,Not updated (historical only),Annual,Citywide,Zip code,No link available
137,LEAP Purchase Orders,​Purchase Orders and Contracts for Metro Governement,Oracle Financials (Leap),Omb - Finance,Omb Purchasing,OMB Financial Systems,OMB Financial Systems,Public,Oracle Database,Continuous,Ongoing,Other,Street address,http://services.louisvilleky.gov/LouisvilleCheckBook/agencysearch/AgencyHome.aspx
138,LEAP,​Accounts Payable Module-Processing and Payment of invoices for goods/services procured.,Oracle Financials (Leap),Omb - Finance,Unspecified,OMB Financial Systems,OMB Financial Systems,Public,Oracle Database,Continuous,Unknown,Citywide,Street address,http://services.louisvilleky.gov/LouisvilleCheckBook/agencysearch/AgencyHome.aspx
139,Work Order Archives,​Work Order history of Metro Properties maintained by Facilities Management,Sharepoint,Omb - Fleet & Facilities,Facilities,Tom Pardue,Not listed,Internal,Sharepoint Lists,Continuous,Unknown,Subset of city,Street address,No link available
140,Locations,​List of Facilities maintained by Fleet and Facilities,Sharepoint,Omb - Fleet & Facilities,Facilities Management,Tom Pardue,Tom Pardue,Internal,Sharepoint List,Continuous,2011-Current,Citywide,Street address;#Not applicable,No link available
141,Registered Businesses of Jefferson County,​Published to the open data portal monthly.  A list of registerred businesses.,Metro Integrated Tax System (Mints),Omb - Revenue Commission,Unspecified,Angela Dunn,Charles Paisley,Public,Csv File,Monthly,12 months,Citywide,Street address;#Zip code;#City,https://data.louisvilleky.gov/dataset/business-listings-registrations
142,Parking Citations,"Parking violations from PARC. Note: needs geocoding, there is no latitude or longitude in data. There is information about the house number, block, or intersection as well as the street name, so geocoding is possible. PARC is working on...",Unknown,Parking Authority Of River City,Parc,PARC,Parking Authority of River City,Public,Csv File,Yearly,updates yearly,Citywide,Not applicable,No link available
143,Meter Bagging Order Transaction Detail,DB of Financial Transactions for Meter Bagging.,Meter Bagging,Parking Authority Of River City,Onstreet,Not listed,Not listed,Internal,Access Consolidated Database,Continuous,2007 to present,Subset of city,Not applicable,No link available
